Latitude,Longitude,Label
49.01492594,8.434091667,0
49.01492541,8.434090207,0
49.01493876,8.434127063,0
49.01492962,8.434101938,0
49.01492488,8.434088746,0
49.01493389,8.434113732,0
49.0149617,8.434188581,0
49.01493335,8.434112257,0
49.01495828,8.434179512,0
49.01494313,8.434138982,0
49.01495941,8.434182534,0
49.01493229,8.434109302,0
49.01496227,8.434190091,0
49.01496456,8.434196154,0
49.01494039,8.434131523,0
49.01492646,8.434093134,0
49.01494258,8.43413749,0
49.0149197,8.434074173,0
49.01488526,8.433974727,0
49.01491102,8.434049545,0
49.01491764,8.434068367,0
49.01488818,8.433983321,0
49.01491203,8.434052434,0
49.01489455,8.434001987,0
49.01490849,8.434042319,0
49.01491815,8.434069815,0
49.01488575,8.433976165,0
49.01488672,8.433979024,0
49.01490799,8.434040876,0
49.014899,8.434014928,0
49.01488429,8.433971869,0
49.01490348,8.434027892,0
49.01489258,8.433996236,0
49.01490298,8.434026447,0
49.0148985,8.434013487,0
49.01491508,8.434061117,0
49.01489553,8.434004857,0
49.01491918,8.434072724,0
49.01491355,8.434056773,0
49.014909,8.434043761,0
49.01488284,8.433967571,0
49.01490198,8.434023568,0
49.01488381,8.433970429,0
49.01491457,8.43405967,0
49.01491,8.434046654,0
49.01489999,8.434017805,0
49.01489652,8.434007737,0
49.01491305,8.434055328,0
49.01488916,8.433986191,0
49.01489111,8.433991927,0
49.01489801,8.434012051,0
49.01489307,8.433997677,0
49.01489406,8.434000545,0
49.01490398,8.434029331,0
49.01488769,8.43398189,0
49.01490598,8.434035099,0
49.0148995,8.434016367,0
49.01491153,8.434050989,0
49.0148916,8.433993368,0
49.0148872,8.43398046,0
49.01490099,8.434020686,0
49.01489356,8.43399911,0
49.0149095,8.43404521,0
49.01489751,8.434010612,0
49.01490648,8.434036546,0
49.01490498,8.434032217,0
49.01490548,8.434033658,0
49.01488867,8.433984758,0
49.01491254,8.434053883,0
49.01490749,8.434039428,0
49.01490248,8.434025008,0
49.01490699,8.434037987,0
49.01489013,8.433989061,0
49.01489702,8.434009172,0
49.01490448,8.434030772,0
49.01490149,8.434022125,0
49.01491662,8.434065464,0
49.0149161,8.434064017,0
49.01488332,8.433969001,0
49.01489062,8.433990494,0
49.01489504,8.434003423,0
49.01491559,8.43406257,0
49.01488477,8.433973298,0
49.01491051,8.434048097,0
49.01490049,8.434019247,0
49.01488623,8.433977595,0
49.01488964,8.433987622,0
49.01491712,8.434066918,0
49.01489209,8.433994802,0
49.01491866,8.434071271,0
49.01489603,8.434006299,0
49.01491406,8.434058224,0
49.01484968,8.43386648,0
49.01485833,8.43389343,0
49.01485787,8.433892011,0
49.01484786,8.433860819,0
49.01485604,8.433886329,0
49.01487187,8.433934722,0
49.01486295,8.433907658,0
49.01486156,8.433903391,0
49.01484651,8.433856572,0
49.01486763,8.433921893,0
49.01487805,8.43395327,0
49.01486622,8.433917622,0
49.01484922,8.433865065,0
49.01484696,8.433857985,0
49.01488236,8.433966133,0
49.01484515,8.433852328,0
49.01487709,8.433950418,0
49.01487852,8.433954702,0
49.0148447,8.433850909,0
49.01486529,8.433914772,0
49.01487948,8.433957554,0
49.01485467,8.433882071,0
49.01485058,8.433869314,0
49.01485879,8.433894857,0
49.01485013,8.433867894,0
49.01486951,8.43392759,0
49.01486389,8.433910501,0
49.0148681,8.433923315,0
49.01486903,8.433926168,0
49.01488092,8.433961842,0
49.01486482,8.43391335,0
49.01485559,8.433884906,0
49.01486063,8.433900543,0
49.01485925,8.433896276,0
49.01485331,8.433877816,0
49.01485104,8.433870729,0
49.01486669,8.433919043,0
49.01484741,8.433859397,0
49.01487757,8.433951845,0
49.01487376,8.433940424,0
49.01484561,8.433853739,0
49.01485741,8.433890592,0
49.01485696,8.433889166,0
49.0148438,8.433848084,0
49.0148524,8.433874979,0
49.01485377,8.433879233,0
49.01484832,8.433862232,0
49.01487614,8.433947561,0
49.01485971,8.433897696,0
49.01486342,8.43390908,0
49.0148611,8.433901963,0
49.014879,8.433956129,0
49.01487566,8.433946136,0
49.01488139,8.433963276,0
49.01484878,8.433863646,0
49.01487281,8.433937577,0
49.01487662,8.433948985,0
49.01485513,8.433883489,0
49.01486856,8.433924743,0
49.01487519,8.433944704,0
49.01487471,8.433943279,0
49.01485286,8.433876394,0
49.01486203,8.433904813,0
49.01487234,8.433936146,0
49.01486997,8.43392902,0
49.01484606,8.433855152,0
49.01487045,8.433930444,0
49.01486249,8.433906232,0
49.01486716,8.433920471,0
49.01485194,8.433873564,0
49.0148565,8.433887748,0
49.01486435,8.433911928,0
49.01484425,8.433849497,0
49.01485149,8.433872143,0
49.01486575,8.433916199,0
49.01487423,8.433941856,0
49.01488044,8.433960417,0
49.01485422,8.433880648,0
49.01487139,8.433933298,0
49.01488188,8.433964705,0
49.01487329,8.433939,0
49.01486017,8.433899124,0
49.01487996,8.433958987,0
49.01487092,8.433931868,0
49.01483663,8.433825489,0
49.01481437,8.433753945,0
49.01482474,8.433787522,0
49.01483308,8.433814224,0
49.0148353,8.433821262,0
49.01482956,8.433802969,0
49.01481012,8.433739988,0
49.01483886,8.433832542,0
49.01481139,8.433744171,0
49.01482343,8.433783317,0
49.01481608,8.433759536,0
49.01482605,8.433791732,0
49.01481694,8.433762328,0
49.01482868,8.433800155,0
49.01481479,8.433755347,0
49.01481182,8.433745565,0
49.01481823,8.433766521,0
49.0148322,8.433811407,0
49.01483353,8.433815629,0
49.01483087,8.433807186,0
49.01481866,8.433767921,0
49.01483132,8.43380859,0
49.0148411,8.433839602,0
49.01482126,8.433776317,0
49.01483797,8.433829718,0
49.01481737,8.433763727,0
49.01482649,8.433793139,0
49.0148178,8.433765125,0
49.01483486,8.433819855,0
49.01482083,8.433774915,0
49.01483619,8.433824082,0
49.01482256,8.433780518,0
49.01480843,8.433734413,0
49.01482737,8.433795942,0
49.01480886,8.433735805,0
49.01483441,8.433818449,0
49.01484335,8.433846666,0
49.01484245,8.433843842,0
49.01482387,8.433784722,0
49.0148429,8.433845255,0
49.01482912,8.433801564,0
49.01481953,8.433770717,0
49.014842,8.433842424,0
49.01483176,8.433810001,0
49.01483,8.433804371,0
49.01482213,8.433779116,0
49.0148131,8.433749754,0
49.01482517,8.433788929,0
49.01482824,8.433798754,0
49.01481651,8.433760933,0
49.01481996,8.433772117,0
49.01483752,8.433828311,0
49.01483264,8.433812812,0
49.01482561,8.433790331,0
49.01483043,8.433805781,0
49.01482693,8.43379454,0
49.01483707,8.433826902,0
49.01481394,8.43375255,0
49.01481522,8.433756742,0
49.01484155,8.433841014,0
49.01481224,8.433746966,0
49.01480928,8.433737197,0
49.01483574,8.433822675,0
49.01483931,8.43383395,0
49.01483397,8.433817036,0
49.01481267,8.43374836,0
49.0148243,8.433786123,0
49.01484021,8.433836776,0
49.0148191,8.433769319,0
49.01482039,8.433773516,0
49.01483841,8.433831132,0
49.01481055,8.433741381,0
49.01483976,8.433835366,0
49.0148097,8.433738595,0
49.01482169,8.433777716,0
49.01481565,8.433758137,0
49.01481351,8.433751155,0
49.01484066,8.433838185,0
49.01481097,8.433742779,0
49.0148278,8.433797351,0
49.014823,8.433781918,0
49.01477847,8.43363334,0
49.01480255,8.433714934,0
49.01479058,8.433674719,0
49.01478047,8.433640222,0
49.01478813,8.43366643,0
49.0147918,8.433678869,0
49.01478087,8.433641596,0
49.01479426,8.433687176,0
49.01479508,8.433689951,0
49.01479714,8.433696885,0
49.01480716,8.433730236,0
49.0147988,8.433702433,0
49.01479632,8.433694111,0
49.01479139,8.433677488,0
49.01479344,8.433684411,0
49.01478328,8.433649869,0
49.01480171,8.433712153,0
49.01479385,8.433685793,0
49.01480801,8.433733018,0
49.0148013,8.433710766,0
49.01478772,8.433665051,0
49.01479467,8.433688568,0
49.01477491,8.433620971,0
49.01478167,8.433644355,0
49.01478007,8.433638845,0
49.01478489,8.433655392,0
49.0147753,8.433622349,0
49.0147757,8.43362372,0
49.01480297,8.433716322,0
49.01477728,8.433629213,0
49.01477767,8.433630595,0
49.01479838,8.433701046,0
49.01479922,8.433703818,0
49.01477967,8.433637466,0
49.01480632,8.433727451,0
49.01480675,8.433728842,0
49.01479017,8.43367334,0
49.01478895,8.433669195,0
49.01479963,8.43370521,0
49.01480005,8.433706597,0
49.01478127,8.433642978,0
49.01478449,8.433654007,0
49.01480213,8.433713547,0
49.01477648,8.43362647,0
49.01480338,8.433717715,0
49.01478529,8.43365677,0
49.01478854,8.433667815,0
49.0147861,8.433659531,0
49.01478247,8.433647114,0
49.01477927,8.433636093,0
49.01479098,8.433676107,0
49.01477688,8.433627842,0
49.01480464,8.433721886,0
49.01479262,8.433681639,0
49.01477887,8.433634718,0
49.01478368,8.433651253,0
49.01479673,8.433695494,0
49.01480088,8.433709378,0
49.0147955,8.433691333,0
49.01478651,8.433660909,0
49.01478691,8.433662288,0
49.01478732,8.433663673,0
49.0147857,8.433658147,0
49.0147959,8.433692727,0
49.0147761,8.43362509,0
49.01479756,8.43369827,0
49.01480548,8.433724666,0
49.01479797,8.433699654,0
49.0148059,8.433726061,0
49.01478976,8.433671959,0
49.01479303,8.43368302,0
49.0148038,8.433719104,0
49.01480759,8.433731628,0
49.01480046,8.433707984,0
49.01478408,8.43365263,0
49.01479221,8.433680257,0
49.01480506,8.433723277,0
49.01478207,8.433645731,0
49.01478935,8.433670573,0
49.01477808,8.433631967,0
49.01478287,8.433648492,0
49.01480422,8.433720492,0
49.01474742,8.43352318,0
49.01474564,8.433516657,0
49.01476789,8.433596374,0
49.01476026,8.433569403,0
49.01475068,8.43353496,0
49.01476905,8.433600457,0
49.01474458,8.433512754,0
49.01474995,8.433532334,0
49.01475542,8.433552102,0
49.01476405,8.433582833,0
49.01475951,8.433566731,0
49.01477022,8.433604546,0
49.01476711,8.433593662,0
49.01477451,8.433619604,0
49.01474492,8.433514059,0
49.01476482,8.433585531,0
49.0147514,8.433537588,0
49.01476674,8.433592298,0
49.01477256,8.433612746,0
49.01475616,8.433554756,0
49.01475505,8.43355078,0
49.01475432,8.433548131,0
49.01475285,8.433542853,0
49.01474814,8.433525793,0
49.01475104,8.433536269,0
49.01475578,8.43355343,0
49.01476177,8.433574762,0
49.01474706,8.433521875,0
49.01474671,8.433520567,0
49.01475801,8.433561399,0
49.01476216,8.433576101,0
49.01476827,8.43359774,0
49.01474528,8.433515358,0
49.01474887,8.433528405,0
49.01474422,8.433511459,0
49.01476253,8.433577447,0
49.01475839,8.433562731,0
49.01475764,8.433560065,0
49.01475176,8.433538903,0
49.01475358,8.433545493,0
49.01477099,8.433607281,0
49.01475031,8.43353365,0
49.01476866,8.433599099,0
49.01475727,8.433558738,0
49.01477294,8.433614122,0
49.01476139,8.43357342,0
49.01476064,8.433570742,0
49.01477334,8.43361549,0
49.01475249,8.433541535,0
49.01474922,8.433529718,0
49.01477177,8.433610017,0
49.01475395,8.433546813,0
49.01474599,8.433517964,0
49.01475876,8.43356406,0
49.01474959,8.433531027,0
49.01475653,8.43355608,0
49.01475689,8.43355741,0
49.01476444,8.433584178,0
49.01476291,8.433578792,0
49.01474635,8.433519267,0
49.01476559,8.433588232,0
49.01476983,8.433603186,0
49.0147675,8.433595019,0
49.01477138,8.433608643,0
49.01477412,8.433618234,0
49.01477216,8.433611383,0
49.0147652,8.433586883,0
49.01477373,8.433616856,0
49.01475322,8.433544168,0
49.0147706,8.433605918,0
49.01476943,8.433601826,0
49.01476596,8.433589591,0
49.01475989,8.433568064,0
49.01475913,8.433565397,0
49.01476367,8.433581484,0
49.01475468,8.433549458,0
49.01476635,8.433590947,0
49.01476102,8.433572077,0
49.01475213,8.433540213,0
49.01474779,8.433524482,0
49.0147485,8.4335271,0
49.0147633,8.433580134,0
49.01473306,8.433470446,0
49.01473443,8.433475514,0
49.0147213,8.433426992,0
49.01473858,8.433490815,0
49.01472696,8.433447905,0
49.01472495,8.433440481,0
49.01474386,8.43351016,0
49.01472461,8.433439253,0
49.01473512,8.433478047,0
49.01473478,8.433476782,0
49.01474034,8.43349723,0
49.01473272,8.433469188,0
49.01473893,8.433492097,0
49.01471703,8.433411244,0
49.0147334,8.433471716,0
49.0147414,8.433501097,0
49.01472031,8.43342334,0
49.01473169,8.433465408,0
49.01473204,8.433466661,0
49.01473135,8.43346415,0
49.01472966,8.433457879,0
49.01472262,8.433431881,0
49.01472395,8.433436786,0
49.01471638,8.433408841,0
49.0147283,8.433452886,0
49.01473,8.433459126,0
49.01472797,8.433451634,0
49.0147421,8.433503683,0
49.01471606,8.433407637,0
49.01472864,8.433454132,0
49.0147428,8.433506271,0
49.01471998,8.433422121,0
49.01473999,8.433495948,0
49.01473685,8.433484418,0
49.01472428,8.433438021,0
49.01474068,8.433498522,0
49.01472729,8.433449152,0
49.01473616,8.433481863,0
49.01473546,8.433479324,0
49.01473754,8.433486974,0
49.01472296,8.433433102,0
49.01473102,8.433462888,0
49.01472328,8.433434334,0
49.01472064,8.433424556,0
49.01472196,8.43342943,0
49.01472595,8.433444186,0
49.01471671,8.433410044,0
49.01472628,8.43344543,0
49.0147365,8.433483143,0
49.01473237,8.433467927,0
49.01471801,8.43341486,0
49.01472528,8.43344172,0
49.01473824,8.433489527,0
49.01472898,8.433455375,0
49.01473581,8.433480594,0
49.01472562,8.433442954,0
49.01474246,8.433504972,0
49.01474174,8.433502391,0
49.01474352,8.433508858,0
49.01473409,8.433474241,0
49.01473929,8.433493375,0
49.01471932,8.433419699,0
49.01472163,8.433428213,0
49.01473789,8.433488252,0
49.01474104,8.433499811,0
49.01471867,8.433417279,0
49.01472097,8.43342577,0
49.01471769,8.433413656,0
49.01472662,8.433446669,0
49.01473033,8.433460384,0
49.0147372,8.43348569,0
49.01471736,8.433412452,0
49.01474316,8.433507566,0
49.01471834,8.43341607,0
49.01473068,8.433461637,0
49.01473375,8.43347298,0
49.01472362,8.433435561,0
49.01472932,8.433456629,0
49.01472229,8.433430657,0
49.01473963,8.433494663,0
49.014719,8.433418485,0
49.01471965,8.433420912,0
49.01472763,8.433450394,0
49.01471218,8.433393297,0
49.01469185,8.43331819,0
49.01469892,8.433344248,0
49.01469768,8.433339675,0
49.01469276,8.433321556,0
49.01470866,8.433380274,0
49.01470172,8.433354604,0
49.01470454,8.433365042,0
49.01471249,8.43339449,0
49.01471314,8.43339687,0
49.01469216,8.433319314,0
49.01471411,8.433400451,0
49.01469156,8.433317071,0
49.01470423,8.43336388,0
49.0146949,8.433329448,0
49.01469125,8.433315953,0
49.01470328,8.433360395,0
49.01469953,8.433346544,0
49.01470581,8.433369711,0
49.01470834,8.433379095,0
49.01469246,8.433320435,0
49.01469459,8.433328315,0
49.0146986,8.433343106,0
49.01470549,8.433368539,0
49.01471121,8.433389733,0
49.01470517,8.433367375,0
49.01471573,8.43340644,0
49.01469799,8.433340815,0
49.01471476,8.433402845,0
49.01470644,8.433372049,0
49.01469367,8.433324931,0
49.01470203,8.433355761,0
49.01471282,8.433395682,0
49.01470391,8.433362717,0
49.01470109,8.433352296,0
49.01471153,8.433390923,0
49.01471346,8.433398066,0
49.01471057,8.433387364,0
49.01470675,8.433373222,0
49.01470994,8.433384996,0
49.01471443,8.433401649,0
49.01470234,8.433356919,0
49.01470265,8.433358075,0
49.01470486,8.433366207,0
49.01470961,8.433383814,0
49.01470297,8.433359234,0
49.01469551,8.433331712,0
49.0147077,8.433376744,0
49.01469398,8.433326061,0
49.01469307,8.433322683,0
49.01469582,8.433332848,0
49.01469095,8.433314832,0
49.01470707,8.433374396,0
49.0147093,8.433382631,0
49.0147154,8.433405241,0
49.01469675,8.433336257,0
49.01471508,8.433404039,0
49.01469338,8.433323807,0
49.01469429,8.433327188,0
49.01470078,8.433351143,0
49.01469829,8.433341958,0
49.01470612,8.433370881,0
49.01469737,8.433338533,0
49.01471379,8.433399259,0
49.01469706,8.433337393,0
49.01471185,8.433392112,0
49.01469644,8.433335118,0
49.01470898,8.433381454,0
49.01469985,8.433347691,0
49.01469922,8.433345395,0
49.0147014,8.433353452,0
49.01471089,8.43338855,0
49.01470739,8.433375567,0
49.01469521,8.433330578,0
49.01470015,8.433348841,0
49.01470047,8.433349993,0
49.01470802,8.433377921,0
49.01469613,8.433333981,0
49.01471025,8.433386177,0
49.0147036,8.433361554,0
49.01466761,8.433229628,0
49.01468343,8.433287203,0
49.01467429,8.433253802,0
49.01468944,8.433309258,0
49.01469065,8.433313716,0
49.01467811,8.433267686,0
49.01467547,8.433258054,0
49.01466992,8.433237982,0
49.01468284,8.433285018,0
49.01467312,8.433249561,0
49.01468762,8.433302602,0
49.01468461,8.433291582,0
49.01467166,8.433244285,0
49.01468792,8.433303708,0
49.01467694,8.433263396,0
49.0146705,8.433240077,0
49.01467225,8.433246392,0
49.01468974,8.433310371,0
49.01468047,8.433276321,0
49.01468136,8.433279575,0
49.014674,8.433252738,0
49.01468313,8.433286112,0
49.01467665,8.433262323,0
49.01467723,8.433264465,0
49.01466704,8.433227549,0
49.01467458,8.433254863,0
49.01467282,8.433248505,0
49.01468491,8.433292682,0
49.01466933,8.433235887,0
49.01469004,8.433311484,0
49.01467929,8.433271995,0
49.01468107,8.433278488,0
49.01468883,8.433307035,0
49.01468551,8.433294877,0
49.01467841,8.433268762,0
49.01467606,8.433260188,0
49.01467988,8.433274157,0
49.014679,8.433270918,0
49.01468732,8.433301493,0
49.01468702,8.43330039,0
49.01468581,8.43329598,0
49.01468402,8.433289392,0
49.01466963,8.433236932,0
49.01467195,8.433245339,0
49.01467635,8.433261255,0
49.01467137,8.43324323,0
49.01467107,8.43324218,0
49.0146702,8.433239029,0
49.01468823,8.433304814,0
49.01469035,8.433312601,0
49.01467079,8.43324113,0
49.01467254,8.433247449,0
49.01468255,8.433283929,0
49.01468641,8.43329818,0
49.01468611,8.43329708,0
49.01467488,8.433255924,0
49.01466732,8.43322859,0
49.01467782,8.433266613,0
49.01467576,8.433259118,0
49.01467959,8.433273077,0
49.0146737,8.43325168,0
49.01468521,8.433293779,0
49.01468432,8.433290487,0
49.0146679,8.433230667,0
49.01466876,8.433233795,0
49.01468914,8.433308144,0
49.01468672,8.433299287,0
49.01468077,8.433277405,0
49.01466905,8.433234843,0
49.01467517,8.43325699,0
49.01466847,8.433232753,0
49.01468195,8.433281749,0
49.01468166,8.433280662,0
49.01466818,8.433231712,0
49.01468853,8.433305926,0
49.01467341,8.433250622,0
49.01468018,8.433275237,0
49.0146787,8.433269842,0
49.01468225,8.43328284,0
49.01468372,8.433288296,0
49.01467753,8.433265538,0
49.01465694,8.433190975,0
49.01466221,8.43321008,0
49.01466475,8.433219287,0
49.01466249,8.433211097,0
49.01465208,8.433173303,0
49.01465048,8.433167512,0
49.01465074,8.433168478,0
49.01465021,8.433166554,0
49.01465942,8.433199967,0
49.01464757,8.433157022,0
49.01464862,8.43316082,0
49.01465558,8.433186026,0
49.01466532,8.433221343,0
49.01464889,8.433161771,0
49.014646,8.433151359,0
49.01465914,8.433198965,0
49.01466165,8.433208047,0
49.01465449,8.433182083,0
49.01465288,8.433176217,0
49.01465887,8.433197964,0
49.01465422,8.433181104,0
49.01464994,8.433165597,0
49.01465612,8.433188,0
49.01464915,8.433162727,0
49.01466305,8.433213139,0
49.01465721,8.433191972,0
49.01466674,8.433226515,0
49.01465804,8.433194962,0
49.01464941,8.433163681,0
49.01465859,8.433196959,0
49.01466053,8.433203999,0
49.01466081,8.433205008,0
49.01464678,8.433154186,0
49.01466418,8.433217233,0
49.01465748,8.433192967,0
49.01464836,8.43315987,0
49.0146597,8.433200977,0
49.01466503,8.433220316,0
49.01465639,8.433188995,0
49.01465368,8.433179145,0
49.01466362,8.43321518,0
49.01466618,8.433224441,0
49.01464652,8.433153239,0
49.01466333,8.43321416,0
49.01466447,8.433218256,0
49.01466193,8.433209059,0
49.01465315,8.433177195,0
49.01465584,8.433187013,0
49.01464783,8.433157969,0
49.0146656,8.433222378,0
49.01466646,8.43322548,0
49.01465997,8.433201982,0
49.01465154,8.43317137,0
49.01465503,8.433184052,0
49.01465234,8.433174276,0
49.01464968,8.433164636,0
49.014651,8.433169439,0
49.01465341,8.43317817,0
49.01465261,8.433175246,0
49.01466137,8.433207034,0
49.01465476,8.43318307,0
49.01464626,8.433152299,0
49.01466109,8.433206017,0
49.01466277,8.433212114,0
49.01466589,8.43322341,0
49.01465395,8.433180125,0
49.01465666,8.433189984,0
49.01465531,8.433185036,0
49.01465776,8.433193962,0
49.0146481,8.433158916,0
49.01466025,8.433202986,0
49.01464704,8.433155128,0
49.0146639,8.433216207,0
49.01464731,8.433156072,0
49.01465127,8.433170401,0
49.01465831,8.433195961,0
49.0146518,8.433172336,0
49.01463002,8.433093907,0
49.01463831,8.433123742,0
49.01464109,8.433133729,0
49.0146334,8.433105999,0
49.01463316,8.433105128,0
49.01463782,8.43312194,0
49.01463881,8.433125544,0
49.01464522,8.433148546,0
49.01463807,8.433122839,0
49.01464237,8.433138321,0
49.01464469,8.433146672,0
49.01463931,8.433127354,0
49.01464033,8.433130989,0
49.01463365,8.433106872,0
49.01462581,8.43307873,0
49.01464135,8.433134647,0
49.0146317,8.433099922,0
49.01463122,8.433098196,0
49.0146286,8.433088802,0
49.01462696,8.433082904,0
49.01462931,8.433091349,0
49.01462978,8.433093054,0
49.01464314,8.433141093,0
49.01463389,8.43310775,0
49.01463462,8.433110383,0
49.01464496,8.433147606,0
49.01463486,8.433111262,0
49.0146356,8.433113913,0
49.01463243,8.43310252,0
49.01464186,8.43313648,0
49.01464366,8.433142948,0
49.01463658,8.433117466,0
49.01462766,8.433085424,0
49.01463291,8.433104254,0
49.01463146,8.433099057,0
49.01464007,8.433130079,0
49.01463438,8.433109501,0
49.01462883,8.433089653,0
49.01464212,8.433137402,0
49.01463707,8.433119252,0
49.0146265,8.43308123,0
49.01463026,8.433094765,0
49.01462813,8.433087113,0
49.01463535,8.43311303,0
49.01463218,8.433101649,0
49.01464058,8.433131903,0
49.01463609,8.433115689,0
49.01462907,8.4330905,0
49.01463757,8.433121045,0
49.01463956,8.43312826,0
49.01462954,8.433092203,0
49.01464392,8.433143876,0
49.01463267,8.433103386,0
49.01463982,8.433129171,0
49.01462743,8.433084585,0
49.01464083,8.433132815,0
49.01462627,8.433080396,0
49.0146279,8.433086266,0
49.01463906,8.43312645,0
49.01464289,8.43314017,0
49.01463413,8.433108624,0
49.01463584,8.433114798,0
49.01464263,8.433139243,0
49.01464444,8.433145741,0
49.01463856,8.433124641,0
49.01462836,8.433087957,0
49.01463074,8.433096476,0
49.0146305,8.433095619,0
49.01464418,8.433144806,0
49.01464574,8.433150417,0
49.01463683,8.43311836,0
49.01463098,8.433097337,0
49.01463194,8.433100785,0
49.01463633,8.433116576,0
49.01462673,8.433082069,0
49.0146272,8.433083742,0
49.01463732,8.433120146,0
49.01464341,8.433142018,0
49.01463511,8.433112144,0
49.01464547,8.433149481,0
49.01462604,8.433079564,0
49.0146416,8.433135563,0
49.01461946,8.433056003,0
49.01461431,8.433037417,0
49.01460864,8.433016947,0
49.01462104,8.433061579,0
49.01461772,8.43304971,0
49.01462557,8.433077899,0
49.01462512,8.433076242,0
49.01462489,8.433075416,0
49.01460825,8.433015538,0
49.01461327,8.433033661,0
49.01461083,8.43302482,0
49.01461837,8.433052059,0
49.01461516,8.43304045,0
49.01461023,8.433022648,0
49.0146188,8.433053633,0
49.01461244,8.43303069,0
49.01462466,8.433074592,0
49.01461348,8.433034412,0
49.01462239,8.433066415,0
49.01461286,8.433032175,0
49.01461452,8.433038172,0
49.01461969,8.433056793,0
49.01461902,8.433054421,0
49.01461924,8.433055213,0
49.01462013,8.433058384,0
49.0146139,8.433035909,0
49.01461062,8.433024095,0
49.01460883,8.433017651,0
49.01460982,8.433021214,0
49.01462126,8.433062385,0
49.01462307,8.433068851,0
49.01460904,8.433018358,0
49.01461859,8.433052848,0
49.01461224,8.433029953,0
49.0146242,8.433072943,0
49.01461557,8.433041978,0
49.01461183,8.433028477,0
49.01462036,8.43305918,0
49.0146141,8.433036665,0
49.01460943,8.433019781,0
49.01461537,8.433041217,0
49.01461002,8.433021929,0
49.01461815,8.433051276,0
49.01462216,8.433065607,0
49.01461494,8.43303969,0
49.01461729,8.433048155,0
49.01460845,8.433016239,0
49.01462398,8.433072124,0
49.01462058,8.433059981,0
49.01461143,8.433027008,0
49.01461991,8.433057591,0
49.01462352,8.433070484,0
49.01461708,8.433047375,0
49.01461122,8.433026279,0
49.01462284,8.43306804,0
49.01461306,8.433032917,0
49.0146208,8.43306078,0
49.01460806,8.43301484,0
49.0146158,8.433042744,0
49.01462375,8.433071301,0
49.01461621,8.433044282,0
49.01462262,8.433067229,0
49.01461644,8.433045053,0
49.01460963,8.433020494,0
49.01462194,8.433064801,0
49.01461686,8.4330466,0
49.01461368,8.43303516,0
49.01461473,8.433038933,0
49.01461163,8.433027745,0
49.0146233,8.433069669,0
49.0146175,8.433048931,0
49.01462171,8.433063991,0
49.01461042,8.433023374,0
49.01460923,8.433019072,0
49.01461103,8.433025552,0
49.01461794,8.433050495,0
49.01461265,8.433031429,0
49.01461204,8.433029211,0
49.01462535,8.433077072,0
49.01461665,8.433045828,0
49.01461601,8.433043515,0
49.01462443,8.433073765,0
49.01462148,8.433063188,0
49.01460116,8.432989534,0
49.01459482,8.432966539,0
49.01459587,8.432970487,0
49.01460202,8.432992718,0
49.0145965,8.432972767,0
49.01460065,8.432987657,0
49.01460596,8.433007253,0
49.0145983,8.432979165,0
49.01460032,8.432986417,0
49.01460522,8.433004551,0
49.0145978,8.432977397,0
49.0145988,8.432980949,0
49.01460134,8.432990166,0
49.01459914,8.432982149,0
49.01459797,8.432977987,0
49.01459572,8.432969915,0
49.01460306,8.432996596,0
49.01460615,8.433007933,0
49.01460449,8.433001869,0
49.01460168,8.432991435,0
49.01459511,8.432967664,0
49.01460559,8.433005897,0
49.01460787,8.433014138,0
49.01459541,8.432968789,0
49.01459496,8.432967102,0
49.0146054,8.433005222,0
49.01460151,8.432990804,0
49.01460237,8.432993999,0
49.01460467,8.43300254,0
49.01460672,8.433009985,0
49.01460083,8.43298828,0
49.01459526,8.432968221,0
49.01460219,8.432993356,0
49.01459666,8.432973337,0
49.01460709,8.433011363,0
49.01459847,8.43297976,0
49.01459715,8.432975066,0
49.01459981,8.432984574,0
49.01460324,8.432997247,0
49.01459964,8.432983964,0
49.01459699,8.432974492,0
49.0146069,8.433010676,0
49.01460254,8.432994648,0
49.01460395,8.432999878,0
49.01460271,8.432995292,0
49.01460342,8.432997902,0
49.01460289,8.432995942,0
49.01459864,8.432980352,0
49.01460185,8.432992074,0
49.01460359,8.432998562,0
49.01460413,8.433000542,0
49.01460185,8.432992074,0
49.01460729,8.433012053,0
49.01459731,8.432975647,0
49.01459813,8.432978573,0
49.01460015,8.4329858,0
49.01459931,8.432982752,0
49.01459603,8.432971057,0
49.01459998,8.43298519,0
49.01460485,8.433003205,0
49.01460634,8.43300862,0
49.01459764,8.432976812,0
49.01460767,8.433013442,0
49.01459748,8.432976232,0
49.01459452,8.432965428,0
49.01459557,8.432969353,0
49.01459619,8.432971622,0
49.01459408,8.432963767,0
49.01459682,8.432973912,0
49.01459634,8.432972192,0
49.01459947,8.432983361,0
49.01460652,8.433009301,0
49.01460049,8.432987039,0
49.01460377,8.432999218,0
49.01460748,8.43301275,0
49.01460503,8.433003876,0
49.01460099,8.43298891,0
49.01459423,8.432964319,0
49.0146043,8.433001204,0
49.01459438,8.432964869,0
49.01460577,8.433006578,0
49.01459897,8.432981552,0
49.01460168,8.432991435,0
49.01459467,8.432965985,0
49.01459279,8.432958863,0
49.01459365,8.432962118,0
49.01459322,8.432960485,0
49.0145938,8.432962667,0
49.0145935,8.43296157,0
49.01459394,8.432963212,0
49.01459336,8.43296103,0
49.01459307,8.432959938,0
49.01459293,8.432959402,0
49.01502164,8.4343419,0
49.01502412,8.434348103,0
49.01501794,8.434332603,0
49.01501855,8.434334153,0
49.01501608,8.434327962,0
49.01502288,8.434345002,0
49.01501423,8.434323326,0
49.01502041,8.4343388,0
49.01501979,8.434337249,0
49.01501547,8.434326417,0
49.01501485,8.434324872,0
49.01501732,8.434331056,0
49.01502599,8.434352758,0
49.01502537,8.434351206,0
49.0150167,8.434329511,0
49.01502474,8.434349655,0
49.01501917,8.434335704,0
49.01502661,8.43435431,0
49.01501362,8.434321782,0
49.01502103,8.434340351,0
49.0150235,8.434346552,0
49.01502226,8.434343451,0
49.01496803,8.434205258,0
49.015013,8.434320237,0
49.01498036,8.434237258,0
49.0149692,8.434208293,0
49.01497152,8.434214379,0
49.014978,8.434231147,0
49.01500565,8.434301725,0
49.01500871,8.434309433,0
49.01497623,8.434226569,0
49.01498096,8.434238786,0
49.01498453,8.434247963,0
49.01499051,8.434263278,0
49.01499715,8.434280164,0
49.01499836,8.43428324,0
49.01498991,8.434261746,0
49.01496746,8.434203736,0
49.01498572,8.434251024,0
49.01496688,8.434202221,0
49.01500139,8.434290934,0
49.01500018,8.434287856,0
49.01498871,8.43425868,0
49.0150081,8.434307891,0
49.01497387,8.434220472,0
49.0149727,8.434217423,0
49.01496977,8.434209817,0
49.01497978,8.434235728,0
49.01499171,8.434266347,0
49.01500688,8.434304807,0
49.01498334,8.4342449,0
49.01498215,8.434241844,0
49.01497564,8.434225045,0
49.01499594,8.43427709,0
49.01497681,8.434228097,0
49.01496862,8.434206775,0
49.01500748,8.434306349,0
49.01499957,8.434286314,0
49.01501116,8.434315606,0
49.01496629,8.434200704,0
49.01497036,8.434211337,0
49.01497211,8.434215903,0
49.01499654,8.434278629,0
49.01500626,8.434303267,0
49.01501177,8.43431715,0
49.01501055,8.434314062,0
49.01500261,8.434294016,0
49.01499352,8.434270949,0
49.01498751,8.434255618,0
49.01499775,8.4342817,0
49.01497505,8.434223521,0
49.01497741,8.434229622,0
49.01499473,8.43427402,0
49.01498156,8.434240313,0
49.01500504,8.434300181,0
49.01497918,8.434234202,0
49.01498513,8.434249491,0
49.01498931,8.434260215,0
49.01499413,8.434272482,0
49.01499292,8.434269415,0
49.01500993,8.43431252,0
49.01499533,8.434275555,0
49.01498393,8.434246433,0
49.01500382,8.4342971,0
49.01499232,8.434267879,0
49.01499111,8.434264814,0
49.01500443,8.43429864,0
49.01498632,8.434252554,0
49.01497094,8.434212856,0
49.01498692,8.434254084,0
49.01500079,8.434289396,0
49.01499897,8.434284777,0
49.01500932,8.434310976,0
49.01497859,8.434232676,0
49.01498811,8.43425715,0
49.015002,8.434292476,0
49.01501239,8.434318693,0
49.01500322,8.434295555,0
49.01498274,8.434243372,0
49.01497328,8.434218948,0
49.01497446,8.434221995,0
49.01493985,8.434130039,0
49.01495544,8.434171967,0
49.01494093,8.434133016,0
49.01496342,8.434193123,0
49.01492073,8.434077086,0
49.01495149,8.434161442,0
49.01493015,8.43410341,0
49.01492803,8.434097531,0
49.01493767,8.434124097,0
49.0149577,8.434178003,0
49.01493069,8.434104878,0
49.01495261,8.434164446,0
49.01494535,8.434144954,0
49.01493713,8.434122611,0
49.0149498,8.43415694,0
49.01495037,8.434158437,0
49.01494369,8.434140472,0
49.01494479,8.434143461,0
49.01494924,8.43415544,0
49.01493496,8.43411669,0
49.01492384,8.434085826,0
49.0149355,8.434118167,0
49.01494423,8.434141969,0
49.01493122,8.434106356,0
49.01494149,8.434134507,0
49.01493604,8.43411965,0
49.01496572,8.434199184,0
49.01492332,8.434084367,0
49.01495657,8.434174986,0
49.0149393,8.434128553,0
49.01492228,8.434081451,0
49.01494869,8.434153938,0
49.01492857,8.434098999,0
49.01494812,8.434152443,0
49.01495714,8.43417649,0
49.01492125,8.434078537,0
49.01493821,8.434125579,0
49.01495487,8.434170463,0
49.01494701,8.434149443,0
49.01495205,8.434162941,0
49.01493175,8.434107831,0
49.01496284,8.434191609,0
49.01496112,8.43418707,0
49.01492698,8.434094599,0
49.01493442,8.434115213,0
49.01495318,8.434165949,0
49.014956,8.434173478,0
49.01492021,8.43407563,0
49.01495092,8.434159941,0
49.01492176,8.434079996,0
49.01495375,8.43416745,0
49.01496514,8.43419767,0
49.01495885,8.434181019,0
49.0149543,8.434168959,0
49.01493281,8.434110782,0
49.01492437,8.434087282,0
49.01494589,8.434146454,0
49.014964,8.434194635,0
49.01496056,8.434185552,0
49.01494756,8.434150945,0
49.01495999,8.434184043,0
49.01494204,8.434135994,0
49.01494645,8.43414795,0
49.0149228,8.434082906,0
49.01492751,8.43409606,0
49.01492909,8.434100464,0
49.01493658,8.434121132,0
49.06647798,8.403824652,0
49.06651441,8.40375447,0
49.06657581,8.403627694,0
49.06654982,8.403682908,0
49.06649581,8.403790505,0
49.06656757,8.403645646,0
49.0665232,8.403737191,0
49.06653272,8.403718037,0
49.06650559,8.403771669,0
49.06648697,8.403807628,0
49.0665413,8.40370051,0
49.06655913,8.403663427,0
49.06661018,8.40355167,0
49.06660208,8.403569888,0
49.06661823,8.403533385,0
49.06658491,8.403607909,0
49.06659308,8.403589825,0
49.06663514,8.403494967,0
49.06664315,8.403476643,0
49.06662707,8.403513254,0
49.06667633,8.403399169,0
49.06666764,8.403419486,0
49.06665192,8.403456442,0
49.0666598,8.403437993,0
49.06668417,8.403380657,0
49.06680587,8.403089743,0
49.06669202,8.403362137,0
49.06670839,8.403323128,0
49.06675664,8.403207757,0
49.06670057,8.403341704,0
49.06678081,8.403149774,0
49.06681373,8.403070932,0
49.06674109,8.403245033,0
49.06676525,8.403187228,0
49.06671697,8.403302683,0
49.06677302,8.403168495,0
49.06679724,8.403110411,0
49.06674887,8.403226414,0
49.06682159,8.403052131,0
49.06673259,8.403265532,0
49.06672479,8.403284112,0
49.06678939,8.403129161,0
49.06683803,8.403012695,0
49.06684579,8.402993922,0
49.06683021,8.403031455,0
49.06686209,8.402954458,0
49.0668699,8.402935691,0
49.06685432,8.402973263,0
49.0668785,8.402915057,0
49.06688632,8.402896323,0
49.06689404,8.402877566,0
49.06690246,8.402856925,0
49.06691856,8.402817535,0
49.06692618,8.402798755,0
49.06691012,8.402838167,0
49.06698751,8.402642502,0
49.06706152,8.402433779,0
49.06702953,8.402527477,0
49.06701576,8.402566014,0
49.06700219,8.402603192,0
49.06704272,8.402489277,0
49.06700903,8.402584547,0
49.06703587,8.40250922,0
49.06696508,8.402700857,0
49.0669495,8.402740421,0
49.06702306,8.402545778,0
49.06705493,8.402453374,0
49.06706738,8.402416058,0
49.06704887,8.402471284,0
49.0669724,8.402682015,0
49.06693374,8.402779949,0
49.0669946,8.402623782,0
49.06694203,8.40275927,0
49.06697965,8.402663185,0
49.06695696,8.4027216,0
49.06707947,8.402379182,0
49.06707372,8.402396705,0
49.06712015,8.40225533,0
49.06712639,8.402236829,0
49.06716257,8.402135249,0
49.06709693,8.402325248,0
49.0671502,8.402169179,0
49.06713215,8.402220155,0
49.06711445,8.40227224,0
49.06710875,8.402289216,0
49.06713851,8.402201938,0
49.06714437,8.402185511,0
49.06710257,8.402308033,0
49.06709136,8.402342606,0
49.06715669,8.40215135,0
49.06708514,8.402361719,0
49.0671685,8.402119302,0
49.06718092,8.402086283,0
49.06721739,8.401992508,0
49.06720573,8.402022071,0
49.06719334,8.402053825,0
49.06722951,8.401962282,0
49.06717501,8.402101939,0
49.06718685,8.402070743,0
49.06719926,8.402038616,0
49.06722378,8.401976583,0
49.06724143,8.401932813,0
49.06723522,8.401948171,0
49.06721158,8.402007199,0
49.06726455,8.401876856,0
49.06727065,8.401862109,0
49.06728772,8.40182127,0
49.06735639,8.401655644,0
49.06735167,8.401667161,0
49.06732589,8.40172971,0
49.06725275,8.40190531,0
49.06734154,8.40169195,0
49.06728169,8.401835641,0
49.06730968,8.401768609,0
49.06727619,8.401848829,0
49.06733656,8.401703983,0
49.06732071,8.401742161,0
49.06730437,8.401781318,0
49.06724709,8.401919014,0
49.06734691,8.401678887,0
49.0672985,8.401795401,0
49.06736147,8.401643167,0
49.06725894,8.401890348,0
49.06733151,8.401716157,0
49.06729313,8.401808287,0
49.06731496,8.401755975,0
49.06738821,8.401577334,0
49.067412,8.401517696,0
49.06740419,8.401537231,0
49.06736602,8.401632062,0
49.06738411,8.401587457,0
49.06737952,8.401598802,0
49.06737525,8.401609328,0
49.06739217,8.401567311,0
49.0673965,8.401556484,0
49.06741951,8.40149894,0
49.06743002,8.401472674,0
49.06737088,8.401620044,0
49.06742299,8.401490295,0
49.06741562,8.401508658,0
49.0674267,8.401480977,0
49.06740036,8.401546778,0
49.06740832,8.401526903,0
49.06748334,8.40134005,0
49.06747059,8.401371948,0
49.06749644,8.401307017,0
49.06746319,8.401390447,0
49.06748704,8.401330751,0
49.06750475,8.401285812,0
49.06747737,8.401355159,0
49.06750659,8.401281254,0
49.06744303,8.401440436,0
49.06750366,8.401288545,0
49.0674991,8.401300193,0
49.0674551,8.401410575,0
49.06747959,8.401349605,0
49.06749048,8.401322092,0
49.06747524,8.401360376,0
49.06747285,8.401366343,0
49.06745232,8.4014174,0
49.0674853,8.401335096,0
49.06744629,8.401432298,0
49.06749202,8.401318176,0
49.06750824,8.40127699,0
49.06748871,8.40132654,0
49.06749785,8.40130336,0
49.06749351,8.401314432,0
49.0675003,8.401297146,0
49.06746065,8.401396754,0
49.06750263,8.401291189,0
49.06743683,8.401455805,0
49.0674492,8.401425116,0
49.06748151,8.401344736,0
49.0675057,8.401283459,0
49.0674683,8.401377758,0
49.0674578,8.401403903,0
49.06750749,8.401278949,0
49.06746565,8.401384295,0
49.06750155,8.401293963,0
49.06749508,8.401310478,0
49.06743998,8.401448034,0
49.06743328,8.401464532,0
49.06751582,8.401254284,0
49.067512,8.401267302,0
49.06751594,8.401254345,0
49.06751578,8.401254246,0
49.06751607,8.401254678,0
49.0675115,8.401268627,0
49.06751627,8.401254764,0
49.06751612,8.401255933,0
49.06751568,8.401253856,0
49.06751627,8.401255276,0
49.06751618,8.40125478,0
49.06751612,8.401254733,0
49.06751381,8.401262407,0
49.06750972,8.401273294,0
49.06751251,8.401265949,0
49.06751568,8.401253953,0
49.06750902,8.401274977,0
49.06751342,8.401263496,0
49.06751569,8.401254031,0
49.06751591,8.401254338,0
49.06751604,8.401254585,0
49.06751592,8.401254343,0
49.06751566,8.40125744,0
49.0675163,8.401254801,0
49.06751459,8.401260411,0
49.06751571,8.401254079,0
49.06751544,8.401258049,0
49.06751518,8.401258813,0
49.06751569,8.401253906,0
49.06751573,8.401254153,0
49.06751622,8.401254773,0
49.0675159,8.401254333,0
49.06751597,8.40125439,0
49.06751601,8.401254479,0
49.06751598,8.401254423,0
49.06751602,8.401254522,0
49.0675161,8.4012547,0
49.06751491,8.401259578,0
49.06751615,8.401254748,0
49.06751568,8.401253982,0
49.06751295,8.401264744,0
49.06751604,8.401254629,0
49.06751036,8.401271693,0
49.06751595,8.401254361,0
49.06751604,8.401254545,0
49.06751587,8.401256855,0
49.06751632,8.401254904,0
49.06751601,8.401256375,0
49.06751098,8.401270023,0
49.06751621,8.401255554,0
49.06751419,8.401261419,0
49.06751606,8.401254649,0
49.06751576,8.401254194,0
49.06751601,8.401254443,0
49.06751602,8.401254514,0
49.06751632,8.401255084,0
49.06751586,8.401254312,0
49.06751548,8.401253204,0
49.06751568,8.401253818,0
49.06751557,8.401253365,0
49.06751552,8.401253293,0
49.06751569,8.401253784,0
49.06751568,8.401253552,0
49.06751551,8.401253255,0
49.0675157,8.401253655,0
49.06751569,8.401253602,0
49.06751565,8.40125345,0
49.0675156,8.4012534,0
49.06751567,8.401253496,0
49.0675157,8.401253742,0
49.06751554,8.401253332,0
49.06751572,8.401253707,0
49.06753022,8.401214203,0
49.06751534,8.401252942,0
49.06751616,8.401249536,0
49.06752012,8.401239017,0
49.06751546,8.401253114,0
49.06752561,8.401225223,0
49.06751538,8.401252287,0
49.06751592,8.40125024,0
49.06751849,8.401243179,0
49.06751532,8.401252889,0
49.06753357,8.401206496,0
49.06752708,8.401221638,0
49.06751545,8.401253077,0
49.06751558,8.401251433,0
49.06751533,8.401252572,0
49.06752318,8.401231218,0
49.06751729,8.401246418,0
49.06751532,8.401252791,0
49.06751645,8.401248717,0
49.06752853,8.401218188,0
49.06751537,8.401252995,0
49.06752199,8.401234201,0
49.06751921,8.401241313,0
49.06751685,8.401247631,0
49.0675178,8.401244995,0
49.06751546,8.40125188,0
49.06752435,8.401228303,0
49.06753186,8.401210412,0
49.06752102,8.401236712,0
49.06751541,8.401253038,0
49.06751547,8.401253163,0
49.06751573,8.401250916,0
49.06757839,8.401058836,0
49.06756005,8.400941511,0
49.06755004,8.401167908,0
49.06757059,8.40097181,0
49.06757575,8.400995456,0
49.06757915,8.401042946,0
49.0675659,8.401124205,0
49.0675792,8.401035351,0
49.06752597,8.400888395,0
49.06754137,8.401188459,0
49.06757302,8.40109662,0
49.0675434,8.401183746,0
49.06756782,8.401117654,0
49.06757857,8.401019293,0
49.06754042,8.400906649,0
49.06754549,8.401178844,0
49.0675594,8.401143688,0
49.06753592,8.400900547,0
49.06753735,8.401197787,0
49.067566,8.400956835,0
49.06752051,8.400882382,0
49.0675491,8.400920111,0
49.06750428,8.400866654,0
49.0675637,8.401131273,0
49.06757271,8.400980165,0
49.06757901,8.401027707,0
49.06757147,8.401103521,0
49.06755475,8.401156151,0
49.06755229,8.401162417,0
49.06754469,8.400912949,0
49.0675154,8.400877074,0
49.06757441,8.401089599,0
49.06754783,8.401173222,0
49.06755698,8.401150295,0
49.06753552,8.401202001,0
49.06756158,8.401137551,0
49.06756303,8.400948735,0
49.06753922,8.401193446,0
49.06757673,8.401074439,0
49.06757889,8.401051294,0
49.06757789,8.401011599,0
49.06756961,8.401110977,0
49.0675308,8.400894075,0
49.06757698,8.401003905,0
49.06755644,8.400933719,0
49.06757435,8.400987797,0
49.06756842,8.400964283,0
49.06755288,8.400926821,0
49.06757763,8.401067062,0
49.06757571,8.401081723,0
49.0673371,8.40082046,0
49.06744732,8.400831114,0
49.06735403,8.400818014,0
49.06742552,8.400823484,0
49.06741005,8.400819896,0
49.06731183,8.400826509,0
49.06729449,8.40083247,0
49.06743268,8.40082566,0
49.06746131,8.400837652,0
49.06740253,8.400818659,0
49.06748668,8.400853002,0
49.0673864,8.400817095,0
49.06732899,8.400822056,0
49.06749875,8.400862057,0
49.06741823,8.400821605,0
49.06746775,8.400841078,0
49.06734517,8.400819136,0
49.06736994,8.400816913,0
49.06727707,8.400840077,0
49.06747462,8.400845079,0
49.06749309,8.400857653,0
49.06748072,8.40084898,0
49.06737859,8.400816827,0
49.06730276,8.400829445,0
49.06726875,8.400844287,0
49.06736201,8.400817307,0
49.06732001,8.40082421,0
49.06739412,8.400817674,0
49.06744041,8.400828388,0
49.06745408,8.400834126,0
49.06728619,8.4008359,0
49.06720907,8.400886065,0
49.0671934,8.400900789,0
49.06716983,8.400926202,0
49.06715437,8.40094513,0
49.06712431,8.400985595,0
49.06711007,8.401005548,0
49.06713214,8.400974741,0
49.06721787,8.400878512,0
49.06714716,8.400954496,0
49.06726045,8.40084885,0
49.06718494,8.400909432,0
49.06725133,8.400854299,0
49.06713926,8.400965021,0
49.06716167,8.400935975,0
49.0672012,8.400893257,0
49.06711721,8.400995534,0
49.06723491,8.40086534,0
49.06717732,8.400917656,0
49.06722596,8.400872048,0
49.06724309,8.40085964,0
49.06679421,8.4013224,0
49.06707997,8.401047859,0
49.06703425,8.401109623,0
49.06677319,8.40133108,0
49.06710221,8.401016559,0
49.06678425,8.401326667,0
49.06688271,8.401269734,0
49.06674166,8.40134193,0
49.06684498,8.401295919,0
49.0668354,8.401301619,0
49.06706468,8.401069019,0
49.06682479,8.401307537,0
49.06685437,8.40128993,0
49.06681401,8.401313101,0
49.06702671,8.401119405,0
49.06675292,8.401338347,0
49.06709504,8.401026656,0
49.06708787,8.401036739,0
49.06701838,8.401130007,0
49.06704991,8.401088947,0
49.06707272,8.40105795,0
49.06676309,8.401334833,0
49.06705731,8.401079009,0
49.06687369,8.401276504,0
49.06680415,8.401317882,0
49.06686363,8.401283686,0
49.06704173,8.401099822,0
49.06689967,8.401252268,0
49.06690815,8.401243535,0
49.06692511,8.401226069,0
49.06698446,8.401164939,0
49.06691663,8.401234802,0
49.06695902,8.401191137,0
49.06697598,8.401173672,0
49.0670099,8.40113874,0
49.0669675,8.401182404,0
49.06693359,8.401217336,0
49.06750984,8.400871864,0
49.06699294,8.401156206,0
49.06695055,8.40119987,0
49.06689119,8.401261001,0
49.06694207,8.401208603,0
49.06700142,8.401147473,0
47.641468,-122.140165,1
47.641488,-122.1401429,1
47.64149726,-122.1401083,1
47.64149656,-122.1400739,1
47.6414851,-122.1400388,1
47.64145993,-122.1400112,1
47.64145485,-122.1400086,1
47.64144965,-122.1400064,1
47.6414444,-122.1400048,1
47.64143907,-122.1400036,1
47.64143407,-122.1400028,1
47.6414289,-122.1400026,1
47.64142402,-122.1400028,1
47.64141864,-122.1400035,1
47.64141332,-122.1400047,1
47.64140851,-122.1400061,1
47.6414033,-122.1400082,1
47.64139821,-122.1400107,1
47.64139342,-122.1400137,1
47.64138857,-122.1400171,1
47.64138388,-122.1400211,1
47.64137968,-122.1400249,1
47.64137577,-122.1400291,1
47.64137202,-122.1400337,1
47.64136804,-122.1400391,1
47.64136483,-122.1400442,1
47.64136131,-122.1400503,1
47.64135807,-122.1400567,1
47.64135511,-122.1400634,1
47.64135272,-122.1400697,1
47.64135033,-122.1400769,1
47.64134838,-122.140084,1
47.64134665,-122.1400915,1
47.64134504,-122.1400991,1
47.64134388,-122.1401069,1
47.64134304,-122.1401148,1
47.64135232,-122.1401816,1
47.64135573,-122.140188,1
47.64135934,-122.1401939,1
47.64136306,-122.1401992,1
47.64136679,-122.1402039,1
47.64137112,-122.1402088,1
47.6413756,-122.1402132,1
47.64138028,-122.1402172,1
47.64138515,-122.1402207,1
47.64138994,-122.1402237,1
47.64139502,-122.1402263,1
47.64140022,122.1402284,1
47.64140551,-122.14023,1
47.64141088,-122.1402312,1
47.6414163,-122.1402318,1
47.64142172,-122.140232,1
47.64142708,-122.1402316,1
47.64143221,-122.1402307,1
47.64143728,-122.1402294,1
47.64144229,-122.1402276,1
47.6414472,-122.1402254,1
47.64145207,-122.1402227,1
47.64145701,-122.1402194,1
47.64146181,-122.1402157,1
47.64146646,-122.1402116,1
47.64147043,-122.1402074,1
47.6414747,-122.1402024,1
47.64147851,-122.1401973,1
47.64148205,-122.1401922,1
47.64148563,-122.1401863,1
47.64148879,-122.1401806,1
47.64149189,-122.1401741,1
47.64149458,-122.1401676,1
47.64149702,-122.1401609,1
47.64149915,-122.1401539,1
47.6415037,-122.1401177,1
47.64149729,-122.1400802,1
47.64148328,-122.1400571,1
47.64146572,-122.1400399,1
47.6414607,-122.1400369,1
47.64145631,-122.1400348,1
47.64145148,-122.1400327,1
47.64144681,-122.140031,1
47.64144146,-122.1400297,1
47.6414363,-122.1400289,1
47.64143087,-122.1400286,1
47.64142547,-122.1400288,1
47.64142008,-122.1400294,1
47.64141474,-122.1400306,1
47.64140943,-122.1400323,1
47.64140473,-122.1400343,1
47.64139963,-122.140037,1
47.64139463,-122.1400401,1
47.64138979,-122.1400437,1
47.64138509,-122.1400477,1
47.64138068,-122.1400521,1
47.64137639,-122.1400569,1
47.64137232,-122.1400621,1
47.6413685,-122.1400677,1
47.64136507,-122.1400734,1
47.64136192,-122.140079,1
47.64135928,-122.1400843,1
47.64135636,-122.140091,1
47.64135371,-122.1400981,1
47.64135139,-122.1401053,1
47.64134947,-122.1401124,1
47.64134776,-122.1401201,1
47.64134644,-122.1401275,1
47.6413454,-122.1401353,1
47.6413447,-122.1401432,1
47.64134436,-122.1401508,1
47.64134432,-122.1401588,1
47.64134462,-122.1401668,1
47.64134525,-122.1401747,1
47.64134623,-122.1401826,1
47.6413475,-122.1401899,1
47.64134912,-122.1401975,1
47.64135078,-122.1402043,1
47.64135298,-122.1402117,1
47.64135547,-122.1402187,1
47.64135826,-122.1402256,1
47.64136133,-122.1402321,1
47.64136467,-122.1402383,1
47.64136828,-122.1402443,1
47.64137199,-122.1402496,1
47.64137606,-122.1402548,1
47.64138033,-122.1402596,1
47.6413848,-122.1402639,1
47.6413895,-122.140268,1
47.64139436,-122.1402715,1
47.64139934,-122.1402746,1
47.64140441,-122.1402772,1
47.64140957,-122.1402793,1
47.64141489,-122.140281,1
47.64142019,-122.1402822,1
47.64142553,-122.1402828,1
47.64143058,-122.1402832,1
47.64143598,-122.1402829,1
47.64144138,-122.1402822,1
47.64144669,-122.140281,1
47.64144835,-122.1402807,1
47.64145337,-122.1402789,1
47.64145855,-122.1402766,1
47.64146363,-122.1402739,1
47.64146812,-122.1402709,1
47.64147296,-122.1402673,1
47.64147762,-122.1402632,1
47.64148147,-122.1402592,1
47.64148574,-122.1402543,1
47.6414898,-122.140249,1
47.6414936,-122.1402434,1
47.64149699,-122.1402377,1
47.64150034,-122.1402313,1
47.64150324,-122.140225,1
47.64150599,-122.1402181,1
47.64150834,-122.1402113,1
47.6415105,-122.1402039,1
47.64151236,-122.1401964,1
47.64151387,-122.1401887,1
47.641515,-122.1401813,1
47.64151582,-122.1401737,1
47.64151627,-122.1401665,1
47.64151657,-122.1401595,1
47.64151652,-122.1401515,1
47.64151629,-122.1401446,1
47.64151581,-122.1401373,1
47.6415149,-122.1401295,1
47.64151366,-122.1401217,1
47.64151213,-122.1401145,1
47.64151027,-122.1401072,1
47.64150805,-122.1400998,1
47.64150552,-122.1400927,1
47.64150268,-122.1400863,1
47.64149951,-122.1400798,1
47.64149608,-122.1400736,1
47.6414924,-122.1400678,1
47.64148863,-122.1400625,1
47.64148468,-122.1400577,1
47.64148051,-122.1400531,1
47.64147597,-122.1400488,1
47.64147148,-122.1400451,1
47.64146662,-122.1400417,1
47.6414616,-122.1400387,1
47.64145648,-122.1400361,1
47.64145129,-122.1400341,1
47.64144599,-122.1400325,1
47.64144062,-122.1400314,1
47.64143573,-122.140031,1
47.64143077,-122.1400307,1
47.64142588,-122.140031,1
47.64142047,-122.1400318,1
47.64141516,-122.140033,1
47.64140992,-122.1400348,1
47.64140496,-122.140037,1
47.64139986,-122.1400397,1
47.64139492,-122.1400429,1
47.64139073,-122.1400459,1
47.64138606,-122.1400498,1
47.64138159,-122.1400542,1
47.64137728,-122.140059,1
47.64137317,-122.1400643,1
47.64136931,-122.1400699,1
47.64136568,-122.1400758,1
47.64136235,-122.1400821,1
47.64135942,-122.1400883,1
47.6413566,-122.1400952,1
47.64135409,-122.1401023,1
47.64135188,-122.1401096,1
47.64134998,-122.1401171,1
47.64134842,-122.1401247,1
47.64134718,-122.1401325,1
47.64134629,-122.1401403,1
47.64134573,-122.1401483,1
47.6413455,-122.1401564,1
47.64134562,-122.1401644,1
47.64134592,-122.1401716,1
47.64134647,-122.1401788,1
47.64134738,-122.1401858,1
47.6413487,-122.1401936,1
47.64135033,-122.1402012,1
47.64135229,-122.1402087,1
47.64135448,-122.1402156,1
47.64135705,-122.1402225,1
47.64135994,-122.1402293,1
47.64136311,-122.1402359,1
47.64136655,-122.1402421,1
47.64136984,-122.1402476,1
47.64137328,-122.1402528,1
47.6413795,-122.1402613,1
47.64138381,-122.1402661,1
47.64138831,-122.1402704,1
47.64141686,-122.1402836,1
47.64144351,-122.1402769,1
47.64146432,-122.1402562,1
47.64147668,-122.1402273,1
47.6414808,-122.1401926,1
47.64147494,-122.1401572,1
47.64145866,-122.1401265,1
47.64143266,-122.1401091,1
47.64140167,-122.1401141,1
47.64137584,-122.1401429,1
47.6413643,-122.140188,1
47.6413713,-122.1402377,1
47.64137418,-122.1402445,1
47.64137736,-122.140251,1
47.64138081,-122.1402572,1
47.64138448,-122.140263,1
47.64138841,-122.1402685,1
47.64139257,-122.1402735,1
47.64139691,-122.1402782,1
47.64140151,-122.1402825,1
47.64140623,-122.1402863,1
47.6414111,-122.1402897,1
47.64141614,-122.1402927,1
47.64142127,-122.1402951,1
47.64142651,-122.1402971,1
47.64143182,-122.1402986,1
47.64143719,-122.1402995,1
47.64144208,-122.1403002,1
47.64144748,-122.1403003,1
47.64145286,-122.1402999,1
47.64145818,-122.140299,1
47.64146352,-122.1402976,1
47.64146876,-122.1402957,1
47.64147388,-122.1402933,1
47.64147888,-122.1402905,1
47.64148382,-122.1402871,1
47.64148857,-122.1402834,1
47.64149687,-122.140271,1
47.64150385,-122.1402517,1
47.64150556,-122.140235,1
47.64150354,-122.1401971,1
47.64149095,-122.1401646,1
47.64148712,-122.1401588,1
47.64148653,-122.1401589,1
47.64145861,-122.1401386,1
47.64142703,-122.1401429,1
47.64140022,-122.1401735,1
47.64138989,-122.1402186,1
47.64139842,-122.1402687,1
47.64142409,-122.1403028,1
47.64145337,-122.1403107,1
47.64147952,-122.1402986,1
47.64149684,-122.1402752,1
47.64150723,-122.1402412,1
47.6415068,-122.1402034,1
47.64149395,-122.1401662,1
47.64146768,-122.1401401,1
47.64145426,-122.1401336,1
47.64144888,-122.1401322,1
47.64144373,-122.1401314,1
47.64143835,-122.1401311,1
47.64143295,-122.1401312,1
47.6414281,-122.1401319,1
47.64142276,-122.140133,1
47.64141804,-122.1401345,1
47.64141287,-122.1401366,1
47.64140776,-122.1401391,1
47.6414028,-122.1401422,1
47.64139798,-122.1401456,1
47.64139332,-122.1401496,1
47.64138899,-122.1401538,1
47.64138469,-122.1401585,1
47.64138062,-122.1401637,1
47.64137671,-122.1401693,1
47.64137305,-122.1401752,1
47.64136966,-122.1401815,1
47.64136658,-122.140188,1
47.64136378,-122.1401948,1
47.64135291,-122.1402263,1
47.64135153,-122.140234,1
47.6413505,-122.1402419,1
47.6413498,-122.1402497,1
47.64134943,-122.1402578,1
47.64135465,-122.1402844,1
47.64137364,-122.1403212,1
47.64137809,-122.1403258,1
47.6413827,-122.1403299,1
47.64138751,-122.1403336,1
47.64139242,-122.1403368,1
47.64139745,-122.1403395,1
47.64140265,-122.1403418,1
47.64140792,-122.1403436,1
47.64141328,-122.1403449,1
47.64143592,-122.1403425,1
47.64144739,-122.1403382,1
47.64145244,-122.1403352,1
47.64145733,-122.1403317,1
47.64146206,-122.1403278,1
47.64146623,-122.1403241,1
47.64148196,-122.1403011,1
47.64149196,-122.1402661,1
47.64149096,-122.1402264,1
47.64147694,-122.1401897,1
47.64145809,-122.1401717,1
47.64143055,-122.140167,1
47.64140433,-122.1401787,1
47.64139968,-122.1401828,1
47.64139526,-122.1401874,1
47.64139108,-122.1401924,1
47.64138753,-122.1401972,1
47.64138415,-122.1402024,1
47.64138098,-122.1402079,1
47.64137768,-122.1402143,1
47.64137469,-122.1402209,1
47.641372,-122.1402277,1
47.64136957,-122.1402349,1
47.64136745,-122.1402423,1
47.64136565,-122.1402498,1
47.64136419,-122.1402574,1
47.64136306,-122.1402652,1
47.64136225,-122.1402731,1
47.64136178,-122.140281,1
47.64136154,-122.1402883,1
47.64136168,-122.1402963,1
47.64136215,-122.1403042,1
47.64136296,-122.1403121,1
47.64136411,-122.1403198,1
47.64136559,-122.1403275,1
47.64136738,-122.1403349,1
47.64136951,-122.1403423,1
47.64137193,-122.1403494,1
47.64137455,-122.140356,1
47.64137755,-122.1403626,1
47.64138082,-122.1403688,1
47.64138398,-122.1403745,1
47.64138774,-122.1403802,1
47.64139173,-122.1403856,1
47.64139592,-122.1403906,1
47.64140031,-122.1403951,1
47.64140439,-122.140399,1
47.64140909,-122.1404029,1
47.64141403,-122.1404063,1
47.64141903,-122.1404092,1
47.64142413,-122.1404116,1
47.64142935,-122.1404136,1
47.64143465,-122.140415,1
47.64143999,-122.140416,1
47.64144534,-122.1404165,1
47.64145074,-122.1404164,1
47.64145611,-122.1404159,1
47.64146142,-122.1404148,1
47.64146672,-122.1404133,1
47.64147192,-122.1404113,1
47.64147701,-122.1404088,1
47.64148205,-122.1404058,1
47.64148694,-122.1404023,1
47.64149168,-122.1403984,1
47.64149578,-122.1403944,1
47.64150014,-122.1403897,1
47.64150429,-122.1403845,1
47.64150817,-122.1403791,1
47.64151182,-122.1403732,1
47.64151521,-122.1403671,1
47.64151834,-122.1403606,1
47.64152119,-122.1403539,1
47.64152374,-122.1403469,1
47.64152599,-122.1403396,1
47.64152791,-122.1403323,1
47.64152955,-122.1403246,1
47.64153085,-122.1403169,1
47.64153183,122.140309,1
47.64153245,-122.140301,1
47.64153274,-122.140293,1
47.64153268,-122.140285,1
47.64153229,-122.1402771,1
47.64153155,-122.1402691,1
47.64153048,-122.1402613,1
47.64152908,-122.1402537,1
47.64152735,-122.1402461,1
47.6415253,-122.1402387,1
47.64152295,-122.1402316,1
47.64152031,-122.1402247,1
47.64151734,-122.1402179,1
47.64151412,-122.1402116,1
47.64151065,-122.1402055,1
47.6415069,-122.1401998,1
47.64150292,-122.1401944,1
47.6414987,-122.1401893,1
47.64149432,-122.1401848,1
47.64148975,-122.1401806,1
47.64148502,-122.1401769,1
47.64148011,-122.1401736,1
47.64147507,-122.1401707,1
47.64146989,-122.1401684,1
47.64146466,-122.1401665,1
47.64145936,-122.1401651,1
47.64145402,-122.1401642,1
47.64144867,-122.1401638,1
47.64144327,-122.140164,1
47.6414379,-122.1401646,1
47.64143252,-122.1401657,1
47.64142726,-122.1401673,1
47.6414221,-122.1401694,1
47.64141695,-122.140172,1
47.64141243,-122.1401748,1
47.64140757,-122.1401783,1
47.64140289,-122.1401822,1
47.64139837,-122.1401866,1
47.64139404,-122.1401913,1
47.64138992,-122.1401965,1
47.64138604,-122.140202,1
47.64138242,-122.1402079,1
47.64137905,-122.1402141,1
47.64137593,-122.1402206,1
47.64137308,-122.1402274,1
47.64137055,-122.1402344,1
47.64136831,-122.1402417,1
47.6413664,-122.1402491,1
47.6413648,-122.1402567,1
47.64136352,-122.1402645,1
47.64136257,-122.1402723,1
47.64136196,-122.1402802,1
47.64136169,-122.1402882,1
47.64136177,-122.1402962,1
47.64136218,-122.1403041,1
47.64136293,-122.140312,1
47.64136402,-122.1403198,1
47.64136544,-122.1403275,1
47.64136718,-122.140335,1
47.64136894,-122.1403418,1
47.64137123,-122.140349,1
47.64137383,-122.1403559,1
47.64137672,-122.1403627,1
47.64137988,-122.1403691,1
47.64138336,-122.1403753,1
47.64138705,-122.140381,1
47.64139097,-122.1403864,1
47.64139515,-122.1403915,1
47.6413991,-122.140396,1
47.64140363,-122.1404004,1
47.64140817,-122.1404041,1
47.64141301,-122.1404076,1
47.64141801,-122.1404106,1
47.64142315,-122.1404132,1
47.64142843,-122.1404153,1
47.64143241,-122.1404164,1
47.64143776,-122.1404175,1
47.64144314,-122.1404181,1
47.64144852,-122.1404183,1
47.64145335,-122.1404179,1
47.64145818,-122.1404171,1
47.6414635,-122.1404158,1
47.64146877,-122.140414,1
47.64147228,-122.1404126,1
47.64147686,-122.1404103,1
47.64148186,-122.1404073,1
47.64148669,-122.1404038,1
47.64149134,-122.1403999,1
47.64149585,-122.1403956,1
47.64150017,-122.1403908,1
47.64150384,-122.1403862,1
47.64150771,-122.1403807,1
47.64151136,-122.1403748,1
47.64151461,-122.1403689,1
47.64151774,-122.1403624,1
47.64152061,-122.1403557,1
47.64152316,-122.1403487,1
47.64152542,-122.1403414,1
47.64152737,-122.140334,1
47.64152897,-122.1403272,1
47.64153034,-122.1403195,1
47.64153138,-122.1403116,1
47.64153209,-122.1403036,1
47.64153209,-122.1403036,1
47.64152121,-122.1403036,1
47.64141937,-122.1402834,1
47.64132902,-122.1402229,1
47.64127146,-122.1401787,1
47.64121175,-122.1401479,1
47.64115175,-122.1401298,1
47.64109491,-122.1401245,1
47.64103571,-122.1401352,1
47.6409798,-122.1401565,1
47.64092968,-122.1401881,1
47.64088079,-122.1402351,1
47.64083708,-122.1402915,1
47.64080009,-122.1403621,1
47.64077538,-122.1404438,1
47.64076429,-122.140535,1
47.64076894,-122.1406085,1
47.6407974,-122.1407073,1
47.64084229,-122.1407918,1
47.64089247,-122.1408476,1
47.64091742,-122.1408622,1
47.64094171,-122.1408785,1
47.64097667,-122.1409096,1
47.64101584,-122.1409582,1
47.64107368,-122.1410955,1
47.64108717,-122.1411776,1
47.64109125,-122.1412064,1
47.64109543,-122.1412461,1
47.6410969,-122.1412972,1
47.64109595,-122.1413453,1
47.64108833,-122.1414131,1
47.64103415,-122.1415751,1
47.64094841,-122.1417467,1
47.6408993,-122.1418061,1
47.64085945,-122.1418834,1
47.64084881,-122.1419208,1
47.64084567,-122.1420208,1
47.64084936,-122.1421465,1
47.64086888,-122.1422442,1
47.64091173,-122.1423514,1
47.64096844,-122.142441,1
47.64103624,-122.1425052,1
47.6411046,-122.1425405,1
47.64117278,-122.1425483,1
47.64124606,-122.1425263,1
47.64132246,-122.1424686,1
47.64138269,-122.1423959,1
47.64142351,-122.1423133,1
47.64145067,-122.1422017,1
47.6414605,-122.1420871,1
47.64145099,-122.1419784,1
47.64142401,-122.1418788,1
47.64137137,-122.141785,1
47.64131048,-122.1417163,1
47.64124338,-122.1416758,1
47.64117703,-122.1416569,1
47.64110981,-122.1416565,1
47.64104859,-122.1416723,1
47.64099341,-122.1417057,1
47.64094302,-122.1417606,1
47.64090142,-122.141833,1
47.64086778,-122.1419287,1
47.64084702,-122.1420288,1
47.64084258,-122.1421283,1
47.64085893,-122.1422355,1
47.64089211,-122.142327,1
47.64094087,-122.1424018,1
47.64100289,-122.1424518,1
47.64106882,-122.1424726,1
47.64114156,-122.1424574,1
47.64121599,-122.1424038,1
47.64127212,-122.1423357,1
47.64131089,-122.142245,1
47.64132964,-122.1421308,1
47.64132361,-122.1419959,1
47.6412985,-122.1418909,1
47.64125361,-122.1418006,1
47.64119616,-122.1417364,1
47.64114017,-122.1417041,1
47.64108348,-122.1416961,1
47.64102774,-122.1417091,1
47.64097517,-122.1417423,1
47.64092659,-122.1417936,1
47.64088528,-122.141864,1
47.6408519,-122.141954,1
47.64083396,-122.1420423,1
47.64083266,-122.1421371,1
47.64085193,-122.1422349,1
47.64089212,-122.1423249,1
47.64095558,-122.1424,1
47.64102617,-122.1424461,1
47.64109479,-122.1424613,1
47.64116076,-122.1424442,1
47.64122135,-122.1423948,1
47.64126968,-122.14232,1
47.64130061,-122.1422263,1
47.64131042,-122.14212,1
47.64129807,-122.1420137,1
47.64126387,-122.1419181,1
47.64121625,-122.1418467,1
47.64115924,-122.1418014,1
47.64108676,-122.1417813,1
47.64101402,-122.1417835,1
47.64095541,-122.141807,1
47.64090416,-122.141847,1
47.6408523,-122.1419196,1
47.64080741,-122.1420086,1
47.64077798,-122.1420975,1
47.64076594,-122.1421957,1
47.64077343,-122.1423064,1
47.64079949,-122.1424116,1
47.64084147,-122.1424968,1
47.6409022,-122.1425597,1
47.64097355,-122.1425939,1
47.64104483,-122.1425945,1
47.64111169,-122.1425606,1
47.64117505,-122.1424866,1
47.6412213,-122.1423982,1
47.64124698,-122.1422997,1
47.64124927,-122.1421877,1
47.64122918,-122.1420823,1
47.64119084,-122.141995,1
47.64113704,-122.1419294,1
47.64107327,-122.1418923,1
47.64101127,-122.1418799,1
47.64095228,-122.1418903,1
47.64089729,-122.1419203,1
47.64084813,-122.1419689,1
47.64080556,-122.1420365,1
47.64077508,-122.1421137,1
47.64075798,-122.1422127,1
47.64075749,-122.1423166,1
47.64077574,-122.142419,1
47.64081263,-122.1425158,1
47.64086799,-122.1425946,1
47.6409316,-122.1426465,1
47.64100052,-122.142667,1
47.64107116,-122.1426542,1
47.64113561,-122.1426116,1
47.64118552,-122.1425535,1
47.64122094,-122.1424659,1
47.64123546,-122.1423424,1
47.64122688,-122.1422236,1
47.64119992,-122.1421216,1
47.64115439,-122.1420373,1
47.64110007,-122.1419824,1
47.64103618,-122.1419524,1
47.64096593,-122.1419468,1
47.64090204,-122.1419607,1
47.64084583,-122.1419926,1
47.64079634,-122.1420402,1
47.64075263,-122.142108,1
47.64071828,-122.1421904,1
47.6406992,-122.1422835,1
47.6406971,-122.1423849,1
47.64071347,-122.1424902,1
47.64074999,-122.1425871,1
47.64080136,-122.1426652,1
47.64086567,-122.1427195,1
47.64093226,-122.1427475,1
47.64100666,-122.1427436,1
47.6410849,-122.1426999,1
47.64114665,-122.1426326,1
47.64118998,-122.1425508,1
47.64121361,-122.1424492,1
47.64121438,-122.1423424,1
47.64119061,-122.1422377,1
47.64114932,-122.1421478,1
47.6410931,-122.1420786,1
47.64102926,-122.142036,1
47.6409369,-122.1420201,1
47.64085138,-122.1420292,1
47.64078684,-122.1420499,1
47.6407274,-122.1420878,1
47.64067288,-122.1421448,1
47.64062871,-122.142212,1
47.64059529,-122.1422913,1
47.64057494,-122.1423913,1
47.64057026,-122.1425006,1
47.64058171,-122.142605,1
47.64061577,-122.1427049,1
47.64067124,-122.1427873,1
47.64073578,-122.1428383,1
47.64080683,-122.1428585,1
47.64087853,-122.1428485,1
47.6409443,-122.1428063,1
47.64099872,-122.1427379,1
47.64104063,-122.1426377,1
47.64106273,-122.142528,1
47.64106375,-122.1424174,1
47.64104227,-122.1423104,1
47.64100533,-122.1422229,1
47.64095578,-122.1421579,1
47.64089522,-122.1421158,1
47.6408259,-122.1420942,1
47.6407633,-122.1420926,1
47.64070438,-122.1421109,1
47.64064702,-122.1421495,1
47.64059333,-122.1422076,1
47.64054669,-122.1422829,1
47.64051086,-122.1423715,1
47.64048981,-122.1424721,1
47.64049951,-122.1426654,1
47.64053292,-122.1427552,1
47.64058295,-122.1428281,1
47.64064177,-122.1428735,1
47.64070668,-122.1428896,1
47.64077317,-122.1428756,1
47.64083293,-122.1428309,1
47.64088492,-122.1427575,1
47.6409202,-122.1426717,1
47.64093681,-122.1425583,1
47.64092875,-122.142424,1
47.64089947,-122.1423178,1
47.64085914,-122.1422361,1
47.64080445,-122.1421736,1
47.64074094,-122.1421351,1
47.64067707,-122.1421197,1
47.64061747,-122.142124,1
47.64056015,-122.1421483,1
47.64050513,-122.1421928,1
47.64045673,-122.1422592,1
47.64042087,-122.142336,1
47.6404006,-122.1424096,1
47.64039954,-122.1425148,1
47.64041822,-122.142626,1
47.64045188,-122.1427197,1
47.64050424,-122.1427987,1
47.64056771,-122.142854,1
47.64063464,-122.1428808,1
47.64070495,-122.1428761,1
47.64077605,-122.1428393,1
47.64083934,-122.1427721,1
47.64088736,-122.1426839,1
47.64091672,-122.1425913,1
47.6409266,-122.142503,1
47.64091626,-122.1424108,1
47.64088473,-122.1423211,1
47.64084218,-122.1422523,1
47.64079002,-122.1422056,1
47.64072326,-122.1421794,1
47.64065956,-122.1421755,1
47.64059238,-122.1421953,1
47.64053489,-122.1422302,1
47.64048408,-122.1422778,1
47.64043745,-122.1423437,1
47.64040039,-122.1424268,1
47.64037853,-122.1425146,1
47.64037609,-122.1426397,1
47.64037609,-122.1426397,1
47.6403751,-122.1426397,1
47.64036442,-122.14264,1
47.64034678,-122.1426396,1
47.64031976,-122.142637,1
47.64028961,-122.1426313,1
47.64026012,-122.1426239,1
47.64021976,-122.142609,1
47.64017844,-122.142589,1
47.64013358,-122.1425608,1
47.6400914,-122.1425284,1
47.64005423,-122.1424947,1
47.64001709,-122.1424544,1
47.63998297,-122.1424114,1
47.63992126,-122.1422982,1
47.63989768,-122.1422431,1
47.63987738,-122.1421854,1
47.63985966,-122.142123,1
47.63984599,-122.1420634,1
47.63983504,-122.1420064,1
47.63982658,-122.1419471,1
47.63982116,-122.1418827,1
47.63981914,-122.141817,1
47.63982022,-122.1417546,1
47.63982496,-122.141691,1
47.63983299,-122.1416283,1
47.6398449,-122.1415652,1
47.63985687,-122.1415107,1
47.63987268,-122.1414537,1
47.63989452,-122.1413916,1
47.6399171,-122.1413369,1
47.63994341,-122.141284,1
47.63996929,-122.1412384,1
47.64000081,-122.1411916,1
47.64003546,-122.1411503,1
47.64007176,-122.1411142,1
47.64010974,-122.1410825,1
47.64014865,-122.1410556,1
47.64019132,-122.1410324,1
47.64023388,-122.1410151,1
47.64027929,-122.1410025,1
47.64032428,-122.1409952,1
47.64036974,-122.140993,1
47.64041499,-122.1409962,1
47.64046024,-122.1410047,1
47.64050554,-122.1410192,1
47.64054883,-122.1410386,1
47.64059079,-122.1410636,1
47.64063762,-122.1410994,1
47.64067663,-122.1411347,1
47.64071522,-122.1411765,1
47.64074606,-122.1412179,1
47.64074598,-122.1412181,1
47.64074593,-122.1412183,1
47.64074588,-122.1412184,1
47.64074543,-122.1412182,1
47.64074574,-122.1412188,1
47.64074569,-122.1412189,1
47.64074565,-122.1412191,1
47.64074561,-122.1412192,1
47.64074558,-122.1412194,1
47.64074554,-122.1412196,1
47.6407455,-122.1412197,1
47.64074544,-122.14122,1
47.6407454,-122.1412201,1
47.64074536,-122.1412203,1
47.64074445,-122.1412198,1
47.64074524,-122.1412209,1
47.6407452,-122.1412211,1
47.64074517,-122.1412212,1
47.64074515,-122.1412214,1
47.64074507,-122.1412215,1
47.64074507,-122.1412217,1
47.64074505,-122.1412219,1
47.64074374,-122.1412212,1
47.64074496,-122.1412225,1
47.64074494,-122.1412227,1
47.64074492,-122.1412228,1
47.6407449,-122.141223,1
47.64074473,-122.1412231,1
47.64074485,-122.1412234,1
47.64074483,-122.1412236,1
47.64074394,-122.1412233,1
47.64074477,-122.1412241,1
47.64074476,-122.1412243,1
47.64074474,-122.1412245,1
47.64074473,-122.1412247,1
47.64074472,-122.1412249,1
47.64074471,-122.1412251,1
47.6407447,-122.1412253,1
47.64074425,-122.1412253,1
47.64074468,-122.1412259,1
47.64074467,-122.1412261,1
47.64074467,-122.1412262,1
47.64074467,-122.1412264,1
47.64074467,-122.1412266,1
47.64074466,-122.1412268,1
47.64074467,-122.141227,1
47.64074411,-122.141227,1
47.64074468,-122.1412276,1
47.64074468,-122.1412278,1
47.64074469,-122.141228,1
47.6407447,-122.1412282,1
47.6407447,-122.1412284,1
47.64074471,-122.1412286,1
47.64074472,-122.1412288,1
47.64074474,-122.141229,1
47.64074475,-122.1412292,1
47.64074476,-122.1412294,1
47.64074479,-122.1412296,1
47.64074481,-122.1412298,1
47.64074482,-122.14123,1
47.6407438,-122.14123,1
47.64074489,-122.1412305,1
47.64074491,-122.1412307,1
47.64074492,-122.1412309,1
47.64074494,-122.141231,1
47.64074479,-122.1412312,1
47.640745,-122.1412314,1
47.64074503,-122.1412316,1
47.64074365,-122.1412316,1
47.64074515,-122.1412322,1
47.64074518,-122.1412324,1
47.64074521,-122.1412326,1
47.64074526,-122.1412328,1
47.64074532,-122.1412331,1
47.64074534,-122.1412332,1
47.64074538,-122.1412334,1
47.64074429,-122.1412336,1
47.64074551,-122.1412339,1
47.64074555,-122.1412341,1
47.64074555,-122.1412341,1
47.64074555,-122.1412341,1
47.6407453,-122.1412342,1
47.64074555,-122.1412341,1
47.64074555,-122.1412341,1
47.6407444,-122.1412343,1
47.6407455,-122.1412342,1
47.64074551,-122.1412341,1
47.64074553,-122.141234,1
47.64074555,-122.1412339,1
47.64074554,-122.1412339,1
47.64074555,-122.1412338,1
47.64074555,-122.1412338,1
47.6407444,-122.141234,1
47.64074551,-122.1412339,1
47.64074552,-122.1412338,1
47.64074555,-122.1412337,1
47.64074555,-122.1412337,1
47.64074553,-122.1412337,1
47.64074555,-122.1412337,1
47.64074555,-122.1412337,1
47.64074445,-122.1412338,1
47.64074551,-122.1412337,1
47.64074553,-122.1412336,1
47.64074555,-122.1412335,1
47.64074555,-122.1412335,1
47.64074551,-122.1412336,1
47.64074555,-122.1412335,1
47.64074554,-122.1412335,1
47.64074412,-122.1412337,1
47.6407455,-122.1412336,1
47.64074552,-122.1412335,1
47.64074554,-122.1412334,1
47.64074555,-122.1412333,1
47.64074554,-122.1412334,1
47.64074555,-122.1412333,1
47.64074555,-122.1412333,1
47.64074408,-122.1412335,1
47.6407455,-122.1412334,1
47.64074551,-122.1412333,1
47.64074553,-122.1412332,1
47.64074554,-122.1412331,1
47.64074539,-122.1412332,1
47.64074555,-122.1412331,1
47.64074555,-122.1412331,1
47.64074414,-122.1412332,1
47.6407455,-122.1412332,1
47.64074551,-122.1412331,1
47.64074553,-122.141233,1
47.64074555,-122.1412329,1
47.64074554,-122.1412329,1
47.64074555,-122.1412328,1
47.64074555,-122.1412329,1
47.64074481,-122.141233,1
47.64074553,-122.1412329,1
47.64074554,-122.1412328,1
47.64074555,-122.1412328,1
47.64074555,-122.1412328,1
47.64074555,-122.1412328,1
47.64074555,-122.1412327,1
47.64074555,-122.1412327,1
47.64074486,-122.1412329,1
47.64074553,-122.1412328,1
47.64074554,-122.1412327,1
47.64074555,-122.1412327,1
47.64074555,-122.1412327,1
47.64074555,-122.1412327,1
47.64074555,-122.1412327,1
47.64074555,-122.1412327,1
47.6407448,-122.1412328,1
47.64074552,-122.1412327,1
47.64074554,-122.1412326,1
47.64074555,-122.1412326,1
47.64074555,-122.1412325,1
47.64074555,-122.1412325,1
47.64074555,-122.1412325,1
47.64074555,-122.1412326,1
47.6407451,-122.1412326,1
47.64074553,-122.1412325,1
47.64074554,-122.1412325,1
47.64074555,-122.1412325,1
47.64074555,-122.1412325,1
47.64074554,-122.1412325,1
47.64074555,-122.1412325,1
47.64074554,-122.1412325,1
47.64074513,-122.1412326,1
47.64074554,-122.1412324,1
47.64074555,-122.1412324,1
47.64074554,-122.1412324,1
47.64074555,-122.1412324,1
47.64074555,-122.1412324,1
47.64074554,-122.1412324,1
47.64074555,-122.1412324,1
47.64074513,-122.1412325,1
47.64074554,-122.1412323,1
47.64074555,-122.1412323,1
47.64074555,-122.1412323,1
47.64074555,-122.1412323,1
47.64074555,-122.1412323,1
47.64074555,-122.1412323,1
47.64074555,-122.1412323,1
47.6407454,-122.1412324,1
47.64074555,-122.1412322,1
47.64074555,-122.1412322,1
47.64074555,-122.1412322,1
47.64074555,-122.1412322,1
47.64074555,-122.1412322,1
47.64074555,-122.1412322,1
47.64074555,-122.1412322,1
47.64074526,-122.1412323,1
47.64074553,-122.1412322,1
47.64074555,-122.1412321,1
47.64074555,-122.1412321,1
47.64074555,-122.1412321,1
47.64074555,-122.1412321,1
47.64074554,-122.1412321,1
47.64074555,-122.1412321,1
47.64074486,-122.1412323,1
47.64074553,-122.1412322,1
47.64074555,-122.1412321,1
47.64074555,-122.1412321,1
47.64074555,-122.1412321,1
47.64074555,-122.1412321,1
47.64074555,-122.1412321,1
47.64074555,-122.141232,1
47.64074497,-122.1412322,1
47.64074553,-122.1412321,1
47.64074555,-122.141232,1
47.64074554,-122.141232,1
47.64074555,-122.141232,1
47.64074554,-122.141232,1
47.64074555,-122.1412319,1
47.64074555,-122.1412319,1
47.64074496,-122.141232,1
47.64074553,-122.1412319,1
47.64074555,-122.1412318,1
47.64074555,-122.1412318,1
47.64074555,-122.1412318,1
47.64074555,-122.1412318,1
47.64074555,-122.1412318,1
47.64074555,-122.1412318,1
47.64074554,-122.1412319,1
47.64074554,-122.1412319,1
47.64074555,-122.1412318,1
47.64074448,-122.141232,1
47.64074551,-122.1412319,1
47.64074553,-122.1412318,1
47.64074555,-122.1412317,1
47.64074555,-122.1412317,1
47.64074555,-122.1412317,1
47.64074555,-122.1412317,1
47.64074555,-122.1412317,1
47.64074555,-122.1412317,1
47.64074555,-122.1412317,1
47.64074555,-122.1412317,1
47.64074555,-122.1412317,1
47.64074554,-122.1412317,1
47.64074554,-122.1412317,1
47.6407454,-122.1412318,1
47.64074554,-122.1412317,1
47.64074555,-122.1412316,1
47.64074555,-122.1412316,1
47.64074555,-122.1412316,1
47.64074555,-122.1412316,1
47.64074555,-122.1412316,1
47.64074555,-122.1412316,1
47.64074526,-122.1412317,1
47.64074555,-122.1412316,1
47.64074555,-122.1412316,1
47.64074555,-122.1412316,1
47.64074555,-122.1412316,1
47.64074555,-122.1412315,1
47.64074555,-122.1412315,1
47.64074555,-122.1412315,1
47.64074526,-122.1412316,1
47.64074554,-122.1412315,1
47.64074554,-122.1412314,1
47.64074555,-122.1412314,1
47.64074555,-122.1412315,1
47.64074555,-122.1412314,1
47.64074555,-122.1412314,1
47.64074555,-122.1412314,1
47.64074552,-122.1412315,1
47.64074555,-122.1412314,1
47.64074555,-122.1412314,1
47.64074555,-122.1412314,1
47.64074554,-122.1412314,1
47.64074555,-122.1412314,1
47.64074555,-122.1412314,1
47.64074555,-122.1412314,1
47.64074505,-122.1412314,1
47.64074555,-122.1412313,1
47.64074555,-122.1412313,1
47.64074555,-122.1412313,1
47.64074555,-122.1412313,1
47.64074555,-122.1412313,1
47.64074555,-122.1412313,1
47.64074555,-122.1412313,1
47.64074505,-122.1412314,1
47.64074554,-122.1412313,1
47.64074555,-122.1412312,1
47.64074555,-122.1412312,1
47.64074555,-122.1412312,1
47.64074554,-122.1412312,1
47.64074555,-122.1412312,1
47.64074555,-122.1412311,1
47.64074413,-122.1412313,1
47.64074551,-122.1412312,1
47.64074553,-122.1412311,1
47.64074554,-122.141231,1
47.64074555,-122.1412309,1
47.6407454,-122.141231,1
47.64074555,-122.1412309,1
47.64074554,-122.1412309,1
47.64074413,-122.141231,1
47.6407455,-122.141231,1
47.64074551,-122.1412309,1
47.64074553,-122.1412308,1
47.64074555,-122.1412307,1
47.6407454,-122.1412307,1
47.64074555,-122.1412306,1
47.64074555,-122.1412306,1
47.6407442,-122.1412308,1
47.6407455,-122.1412307,1
47.64074552,-122.1412306,1
47.64074554,-122.1412305,1
47.64074555,-122.1412304,1
47.64074554,-122.1412305,1
47.64074555,-122.1412304,1
47.64074555,-122.1412304,1
47.64074464,-122.1412305,1
47.64074552,-122.1412304,1
47.64074553,-122.1412303,1
47.64074554,-122.1412302,1
47.64074555,-122.1412302,1
47.64074554,-122.1412303,1
47.64074555,-122.1412302,1
47.64074555,-122.1412302,1
47.6407444,-122.1412303,1
47.64074551,-122.1412303,1
